posted_date,job_title,skill_name,job_link
Tayang 6 hari yang lalu,Frontend Developer,Vue.js,https://glints.com/id/opportunities/jobs/frontend-developer/ffaf6166-fbbc-44bb-8a98-e4aed5455397?utm_referrer=explore&traceInfo=52053ae4-d056-4d3d-8fb1-e5d4e7b33c77
Tayang 6 hari yang lalu,Frontend Developer,React.js,https://glints.com/id/opportunities/jobs/frontend-developer/ffaf6166-fbbc-44bb-8a98-e4aed5455397?utm_referrer=explore&traceInfo=52053ae4-d056-4d3d-8fb1-e5d4e7b33c77
Tayang 6 hari yang lalu,Frontend Developer,Next.js,https://glints.com/id/opportunities/jobs/frontend-developer/ffaf6166-fbbc-44bb-8a98-e4aed5455397?utm_referrer=explore&traceInfo=52053ae4-d056-4d3d-8fb1-e5d4e7b33c77
Tayang 6 hari yang lalu,Frontend Developer,TypeScript,https://glints.com/id/opportunities/jobs/frontend-developer/ffaf6166-fbbc-44bb-8a98-e4aed5455397?utm_referrer=explore&traceInfo=52053ae4-d056-4d3d-8fb1-e5d4e7b33c77
Tayang 6 hari yang lalu,Frontend Developer,Tailwind CSS,https://glints.com/id/opportunities/jobs/frontend-developer/ffaf6166-fbbc-44bb-8a98-e4aed5455397?utm_referrer=explore&traceInfo=52053ae4-d056-4d3d-8fb1-e5d4e7b33c77
Tayang 24 hari yang lalu,Frontend Developer,Git,https://glints.com/id/opportunities/jobs/frontend-developer/04ea5f51-b8b6-4e46-9a61-df64cc8cf675?utm_referrer=explore&traceInfo=52053ae4-d056-4d3d-8fb1-e5d4e7b33c77
Tayang 24 hari yang lalu,Frontend Developer,Angular,https://glints.com/id/opportunities/jobs/frontend-developer/04ea5f51-b8b6-4e46-9a61-df64cc8cf675?utm_referrer=explore&traceInfo=52053ae4-d056-4d3d-8fb1-e5d4e7b33c77
Posted 5 months ago,Frontend Developer,Vue.js,https://glints.com/id/opportunities/jobs/frontend-developer/0e4e2e83-da10-40b9-8721-65665d7294a1?utm_referrer=explore&traceInfo=52053ae4-d056-4d3d-8fb1-e5d4e7b33c77
Posted 5 months ago,Frontend Developer,Angular,https://glints.com/id/opportunities/jobs/frontend-developer/0e4e2e83-da10-40b9-8721-65665d7294a1?utm_referrer=explore&traceInfo=52053ae4-d056-4d3d-8fb1-e5d4e7b33c77
Posted 5 months ago,Frontend Developer,NestJS,https://glints.com/id/opportunities/jobs/frontend-developer/0e4e2e83-da10-40b9-8721-65665d7294a1?utm_referrer=explore&traceInfo=52053ae4-d056-4d3d-8fb1-e5d4e7b33c77
Posted 5 months ago,Frontend Developer,Webpack,https://glints.com/id/opportunities/jobs/frontend-developer/0e4e2e83-da10-40b9-8721-65665d7294a1?utm_referrer=explore&traceInfo=52053ae4-d056-4d3d-8fb1-e5d4e7b33c77
Posted 5 months ago,Frontend Developer,TypeScript,https://glints.com/id/opportunities/jobs/frontend-developer/0e4e2e83-da10-40b9-8721-65665d7294a1?utm_referrer=explore&traceInfo=52053ae4-d056-4d3d-8fb1-e5d4e7b33c77
Tayang 10 hari yang lalu,Frontend Developer,React Native,https://glints.com/id/opportunities/jobs/frontend-developer/f92bf5ed-1b50-4213-8a58-a19b3d84a951?utm_referrer=explore&traceInfo=52053ae4-d056-4d3d-8fb1-e5d4e7b33c77
Tayang 10 hari yang lalu,Frontend Developer,Git,https://glints.com/id/opportunities/jobs/frontend-developer/f92bf5ed-1b50-4213-8a58-a19b3d84a951?utm_referrer=explore&traceInfo=52053ae4-d056-4d3d-8fb1-e5d4e7b33c77
Tayang 10 hari yang lalu,Frontend Developer,React.js,https://glints.com/id/opportunities/jobs/frontend-developer/f92bf5ed-1b50-4213-8a58-a19b3d84a951?utm_referrer=explore&traceInfo=52053ae4-d056-4d3d-8fb1-e5d4e7b33c77
Tayang 10 hari yang lalu,Frontend Developer,Flutter,https://glints.com/id/opportunities/jobs/frontend-developer/f92bf5ed-1b50-4213-8a58-a19b3d84a951?utm_referrer=explore&traceInfo=52053ae4-d056-4d3d-8fb1-e5d4e7b33c77
Diperbarui 4 hari yang lalu,Frontend Developer,Vue.js,https://glints.com/id/opportunities/jobs/frontend-developer/6ffc2fbc-c5e7-4296-9e1a-5276f4968b30?utm_referrer=explore&traceInfo=52053ae4-d056-4d3d-8fb1-e5d4e7b33c77
Diperbarui 4 hari yang lalu,Frontend Developer,Angular,https://glints.com/id/opportunities/jobs/frontend-developer/6ffc2fbc-c5e7-4296-9e1a-5276f4968b30?utm_referrer=explore&traceInfo=52053ae4-d056-4d3d-8fb1-e5d4e7b33c77
Diperbarui 4 hari yang lalu,Frontend Developer,React.js,https://glints.com/id/opportunities/jobs/frontend-developer/6ffc2fbc-c5e7-4296-9e1a-5276f4968b30?utm_referrer=explore&traceInfo=52053ae4-d056-4d3d-8fb1-e5d4e7b33c77
Diperbarui 4 hari yang lalu,Frontend Developer,TypeScript,https://glints.com/id/opportunities/jobs/frontend-developer/6ffc2fbc-c5e7-4296-9e1a-5276f4968b30?utm_referrer=explore&traceInfo=52053ae4-d056-4d3d-8fb1-e5d4e7b33c77
Diperbarui 4 hari yang lalu,Frontend Developer,Tailwind CSS,https://glints.com/id/opportunities/jobs/frontend-developer/6ffc2fbc-c5e7-4296-9e1a-5276f4968b30?utm_referrer=explore&traceInfo=52053ae4-d056-4d3d-8fb1-e5d4e7b33c77
Diperbarui 7 hari yang lalu,Frontend Developer,Git,https://glints.com/id/opportunities/jobs/frontend-developer/6947a27b-7022-45ea-9205-635773e19148?utm_referrer=explore&traceInfo=52053ae4-d056-4d3d-8fb1-e5d4e7b33c77
Diperbarui 7 hari yang lalu,Frontend Developer,React.js,https://glints.com/id/opportunities/jobs/frontend-developer/6947a27b-7022-45ea-9205-635773e19148?utm_referrer=explore&traceInfo=52053ae4-d056-4d3d-8fb1-e5d4e7b33c77
Diperbarui 7 hari yang lalu,Frontend Developer,Angular,https://glints.com/id/opportunities/jobs/frontend-developer/6947a27b-7022-45ea-9205-635773e19148?utm_referrer=explore&traceInfo=52053ae4-d056-4d3d-8fb1-e5d4e7b33c77
Posted 4 months ago,Frontend Developer,Vue.js,https://glints.com/id/opportunities/jobs/frontend-developer/3db83254-4c8e-42d0-9cd9-986c2fd2fa36?utm_referrer=explore&traceInfo=52053ae4-d056-4d3d-8fb1-e5d4e7b33c77
Posted 4 months ago,Frontend Developer,HTML5,https://glints.com/id/opportunities/jobs/frontend-developer/3db83254-4c8e-42d0-9cd9-986c2fd2fa36?utm_referrer=explore&traceInfo=52053ae4-d056-4d3d-8fb1-e5d4e7b33c77
Posted 4 months ago,Frontend Developer,GraphQL,https://glints.com/id/opportunities/jobs/frontend-developer/3db83254-4c8e-42d0-9cd9-986c2fd2fa36?utm_referrer=explore&traceInfo=52053ae4-d056-4d3d-8fb1-e5d4e7b33c77
Posted 4 months ago,Frontend Developer,CSS3,https://glints.com/id/opportunities/jobs/frontend-developer/3db83254-4c8e-42d0-9cd9-986c2fd2fa36?utm_referrer=explore&traceInfo=52053ae4-d056-4d3d-8fb1-e5d4e7b33c77
Posted 4 months ago,Frontend Developer,TypeScript,https://glints.com/id/opportunities/jobs/frontend-developer/3db83254-4c8e-42d0-9cd9-986c2fd2fa36?utm_referrer=explore&traceInfo=52053ae4-d056-4d3d-8fb1-e5d4e7b33c77
Posted 4 months ago,Frontend Developer,Nuxt.js,https://glints.com/id/opportunities/jobs/frontend-developer/3db83254-4c8e-42d0-9cd9-986c2fd2fa36?utm_referrer=explore&traceInfo=52053ae4-d056-4d3d-8fb1-e5d4e7b33c77
Posted 4 months ago,Frontend Developer,Git,https://glints.com/id/opportunities/jobs/frontend-developer/3db83254-4c8e-42d0-9cd9-986c2fd2fa36?utm_referrer=explore&traceInfo=52053ae4-d056-4d3d-8fb1-e5d4e7b33c77
Posted 3 days ago,Frontend Developer,HTML5,https://glints.com/id/opportunities/jobs/frontend-developer/fcd8c18d-0de3-417b-9db4-18c9388cb526?utm_referrer=explore&traceInfo=52053ae4-d056-4d3d-8fb1-e5d4e7b33c77
Posted 3 days ago,Frontend Developer,Angular,https://glints.com/id/opportunities/jobs/frontend-developer/fcd8c18d-0de3-417b-9db4-18c9388cb526?utm_referrer=explore&traceInfo=52053ae4-d056-4d3d-8fb1-e5d4e7b33c77
Posted 3 days ago,Frontend Developer,Java,https://glints.com/id/opportunities/jobs/frontend-developer/fcd8c18d-0de3-417b-9db4-18c9388cb526?utm_referrer=explore&traceInfo=52053ae4-d056-4d3d-8fb1-e5d4e7b33c77
Posted 3 days ago,Frontend Developer,CSS3,https://glints.com/id/opportunities/jobs/frontend-developer/fcd8c18d-0de3-417b-9db4-18c9388cb526?utm_referrer=explore&traceInfo=52053ae4-d056-4d3d-8fb1-e5d4e7b33c77
Posted 3 days ago,Frontend Developer,React.js,https://glints.com/id/opportunities/jobs/frontend-developer/fcd8c18d-0de3-417b-9db4-18c9388cb526?utm_referrer=explore&traceInfo=52053ae4-d056-4d3d-8fb1-e5d4e7b33c77
Posted 3 days ago,Frontend Developer,TypeScript,https://glints.com/id/opportunities/jobs/frontend-developer/fcd8c18d-0de3-417b-9db4-18c9388cb526?utm_referrer=explore&traceInfo=52053ae4-d056-4d3d-8fb1-e5d4e7b33c77
Posted 3 days ago,Frontend Developer,Next.js,https://glints.com/id/opportunities/jobs/frontend-developer/fcd8c18d-0de3-417b-9db4-18c9388cb526?utm_referrer=explore&traceInfo=52053ae4-d056-4d3d-8fb1-e5d4e7b33c77
Posted 3 days ago,Frontend Developer,Git,https://glints.com/id/opportunities/jobs/frontend-developer/fcd8c18d-0de3-417b-9db4-18c9388cb526?utm_referrer=explore&traceInfo=52053ae4-d056-4d3d-8fb1-e5d4e7b33c77
Tayang 5 hari yang lalu,Frontend Developer,Next.js,https://glints.com/id/opportunities/jobs/frontend-developer/fe9295b7-da1d-4946-8b41-cd4048b230eb?utm_referrer=explore&traceInfo=52053ae4-d056-4d3d-8fb1-e5d4e7b33c77
Tayang 6 hari yang lalu,Frontend Developer,Vue.js,https://glints.com/id/opportunities/jobs/frontend-developer/4d561882-8d1c-48b1-81e8-6203a92e5e30?utm_referrer=explore&traceInfo=52053ae4-d056-4d3d-8fb1-e5d4e7b33c77
Tayang 6 hari yang lalu,Frontend Developer,Java,https://glints.com/id/opportunities/jobs/frontend-developer/4d561882-8d1c-48b1-81e8-6203a92e5e30?utm_referrer=explore&traceInfo=52053ae4-d056-4d3d-8fb1-e5d4e7b33c77
Tayang 6 hari yang lalu,Frontend Developer,React.js,https://glints.com/id/opportunities/jobs/frontend-developer/4d561882-8d1c-48b1-81e8-6203a92e5e30?utm_referrer=explore&traceInfo=52053ae4-d056-4d3d-8fb1-e5d4e7b33c77
Tayang 6 hari yang lalu,Frontend Developer,Webpack,https://glints.com/id/opportunities/jobs/frontend-developer/4d561882-8d1c-48b1-81e8-6203a92e5e30?utm_referrer=explore&traceInfo=52053ae4-d056-4d3d-8fb1-e5d4e7b33c77
Tayang 6 hari yang lalu,Frontend Developer,Next.js,https://glints.com/id/opportunities/jobs/frontend-developer/4d561882-8d1c-48b1-81e8-6203a92e5e30?utm_referrer=explore&traceInfo=52053ae4-d056-4d3d-8fb1-e5d4e7b33c77
Tayang 6 hari yang lalu,Frontend Developer,Vite,https://glints.com/id/opportunities/jobs/frontend-developer/4d561882-8d1c-48b1-81e8-6203a92e5e30?utm_referrer=explore&traceInfo=52053ae4-d056-4d3d-8fb1-e5d4e7b33c77
Tayang 6 hari yang lalu,Frontend Developer,RESTful API,https://glints.com/id/opportunities/jobs/frontend-developer/4d561882-8d1c-48b1-81e8-6203a92e5e30?utm_referrer=explore&traceInfo=52053ae4-d056-4d3d-8fb1-e5d4e7b33c77
Tayang 6 hari yang lalu,Frontend Developer,Git,https://glints.com/id/opportunities/jobs/frontend-developer/4d561882-8d1c-48b1-81e8-6203a92e5e30?utm_referrer=explore&traceInfo=52053ae4-d056-4d3d-8fb1-e5d4e7b33c77
Tayang 24 hari yang lalu,Frontend Developer,Vue.js,https://glints.com/id/opportunities/jobs/frontend-developer/7a951a2f-c016-4033-bde7-485c84068131?utm_referrer=explore&traceInfo=52053ae4-d056-4d3d-8fb1-e5d4e7b33c77
Tayang 24 hari yang lalu,Frontend Developer,HTML5,https://glints.com/id/opportunities/jobs/frontend-developer/7a951a2f-c016-4033-bde7-485c84068131?utm_referrer=explore&traceInfo=52053ae4-d056-4d3d-8fb1-e5d4e7b33c77
Tayang 24 hari yang lalu,Frontend Developer,Angular,https://glints.com/id/opportunities/jobs/frontend-developer/7a951a2f-c016-4033-bde7-485c84068131?utm_referrer=explore&traceInfo=52053ae4-d056-4d3d-8fb1-e5d4e7b33c77
Tayang 24 hari yang lalu,Frontend Developer,GraphQL,https://glints.com/id/opportunities/jobs/frontend-developer/7a951a2f-c016-4033-bde7-485c84068131?utm_referrer=explore&traceInfo=52053ae4-d056-4d3d-8fb1-e5d4e7b33c77
Tayang 24 hari yang lalu,Frontend Developer,Java,https://glints.com/id/opportunities/jobs/frontend-developer/7a951a2f-c016-4033-bde7-485c84068131?utm_referrer=explore&traceInfo=52053ae4-d056-4d3d-8fb1-e5d4e7b33c77
Tayang 24 hari yang lalu,Frontend Developer,CSS3,https://glints.com/id/opportunities/jobs/frontend-developer/7a951a2f-c016-4033-bde7-485c84068131?utm_referrer=explore&traceInfo=52053ae4-d056-4d3d-8fb1-e5d4e7b33c77
Tayang 24 hari yang lalu,Frontend Developer,React.js,https://glints.com/id/opportunities/jobs/frontend-developer/7a951a2f-c016-4033-bde7-485c84068131?utm_referrer=explore&traceInfo=52053ae4-d056-4d3d-8fb1-e5d4e7b33c77
Tayang 24 hari yang lalu,Frontend Developer,Git,https://glints.com/id/opportunities/jobs/frontend-developer/7a951a2f-c016-4033-bde7-485c84068131?utm_referrer=explore&traceInfo=52053ae4-d056-4d3d-8fb1-e5d4e7b33c77
Tayang 24 hari yang lalu,Frontend Developer,MongoDB,https://glints.com/id/opportunities/jobs/frontend-developer/7a951a2f-c016-4033-bde7-485c84068131?utm_referrer=explore&traceInfo=52053ae4-d056-4d3d-8fb1-e5d4e7b33c77
Tayang 24 hari yang lalu,Frontend Developer,Node.js,https://glints.com/id/opportunities/jobs/frontend-developer/7a951a2f-c016-4033-bde7-485c84068131?utm_referrer=explore&traceInfo=52053ae4-d056-4d3d-8fb1-e5d4e7b33c77
Tayang 26 hari yang lalu,Frontend Developer,Vue.js,https://glints.com/id/opportunities/jobs/frontend-developer/fdefba75-260f-491a-94ef-29d4ce9f8943?utm_referrer=explore&traceInfo=52053ae4-d056-4d3d-8fb1-e5d4e7b33c77
Tayang 26 hari yang lalu,Frontend Developer,Git,https://glints.com/id/opportunities/jobs/frontend-developer/fdefba75-260f-491a-94ef-29d4ce9f8943?utm_referrer=explore&traceInfo=52053ae4-d056-4d3d-8fb1-e5d4e7b33c77
Online 3 hari yang lalu,Frontend Developer,Vue.js,https://glints.com/id/opportunities/jobs/frontend-developer/cee93869-d652-44ce-8987-f8ca41c75469?utm_referrer=explore&traceInfo=52053ae4-d056-4d3d-8fb1-e5d4e7b33c77
Online 3 hari yang lalu,Frontend Developer,HTML5,https://glints.com/id/opportunities/jobs/frontend-developer/cee93869-d652-44ce-8987-f8ca41c75469?utm_referrer=explore&traceInfo=52053ae4-d056-4d3d-8fb1-e5d4e7b33c77
Online 3 hari yang lalu,Frontend Developer,CSS3,https://glints.com/id/opportunities/jobs/frontend-developer/cee93869-d652-44ce-8987-f8ca41c75469?utm_referrer=explore&traceInfo=52053ae4-d056-4d3d-8fb1-e5d4e7b33c77
Online 3 hari yang lalu,Frontend Developer,React.js,https://glints.com/id/opportunities/jobs/frontend-developer/cee93869-d652-44ce-8987-f8ca41c75469?utm_referrer=explore&traceInfo=52053ae4-d056-4d3d-8fb1-e5d4e7b33c77
Online 3 hari yang lalu,Frontend Developer,Webpack,https://glints.com/id/opportunities/jobs/frontend-developer/cee93869-d652-44ce-8987-f8ca41c75469?utm_referrer=explore&traceInfo=52053ae4-d056-4d3d-8fb1-e5d4e7b33c77
Tayang 3 hari yang lalu,Frontend Web Developer,HTML5,https://glints.com/id/opportunities/jobs/frontend-web-developer/9e28e9a3-c2bc-4fa6-9c33-5c230f4d9bde?utm_referrer=explore&traceInfo=52053ae4-d056-4d3d-8fb1-e5d4e7b33c77
Tayang 3 hari yang lalu,Frontend Web Developer,CSS3,https://glints.com/id/opportunities/jobs/frontend-web-developer/9e28e9a3-c2bc-4fa6-9c33-5c230f4d9bde?utm_referrer=explore&traceInfo=52053ae4-d056-4d3d-8fb1-e5d4e7b33c77
Tayang 3 hari yang lalu,Frontend Web Developer,React.js,https://glints.com/id/opportunities/jobs/frontend-web-developer/9e28e9a3-c2bc-4fa6-9c33-5c230f4d9bde?utm_referrer=explore&traceInfo=52053ae4-d056-4d3d-8fb1-e5d4e7b33c77
Tayang 3 hari yang lalu,Frontend Web Developer,TypeScript,https://glints.com/id/opportunities/jobs/frontend-web-developer/9e28e9a3-c2bc-4fa6-9c33-5c230f4d9bde?utm_referrer=explore&traceInfo=52053ae4-d056-4d3d-8fb1-e5d4e7b33c77
Tayang 3 hari yang lalu,Frontend Web Developer,Next.js,https://glints.com/id/opportunities/jobs/frontend-web-developer/9e28e9a3-c2bc-4fa6-9c33-5c230f4d9bde?utm_referrer=explore&traceInfo=52053ae4-d056-4d3d-8fb1-e5d4e7b33c77
Tayang 3 hari yang lalu,Frontend Web Developer,Git,https://glints.com/id/opportunities/jobs/frontend-web-developer/9e28e9a3-c2bc-4fa6-9c33-5c230f4d9bde?utm_referrer=explore&traceInfo=52053ae4-d056-4d3d-8fb1-e5d4e7b33c77
Posted 5 months ago,Frontend Developer (Bangkok),Vue.js,https://glints.com/id/opportunities/jobs/frontend-developer-bangkok/7bf29b4f-8b12-475e-a5da-9124aef9f68a?utm_referrer=explore&traceInfo=52053ae4-d056-4d3d-8fb1-e5d4e7b33c77
Posted 5 months ago,Frontend Developer (Bangkok),HTML5,https://glints.com/id/opportunities/jobs/frontend-developer-bangkok/7bf29b4f-8b12-475e-a5da-9124aef9f68a?utm_referrer=explore&traceInfo=52053ae4-d056-4d3d-8fb1-e5d4e7b33c77
Posted 5 months ago,Frontend Developer (Bangkok),GraphQL,https://glints.com/id/opportunities/jobs/frontend-developer-bangkok/7bf29b4f-8b12-475e-a5da-9124aef9f68a?utm_referrer=explore&traceInfo=52053ae4-d056-4d3d-8fb1-e5d4e7b33c77
Posted 5 months ago,Frontend Developer (Bangkok),NestJS,https://glints.com/id/opportunities/jobs/frontend-developer-bangkok/7bf29b4f-8b12-475e-a5da-9124aef9f68a?utm_referrer=explore&traceInfo=52053ae4-d056-4d3d-8fb1-e5d4e7b33c77
Posted 5 months ago,Frontend Developer (Bangkok),Redux,https://glints.com/id/opportunities/jobs/frontend-developer-bangkok/7bf29b4f-8b12-475e-a5da-9124aef9f68a?utm_referrer=explore&traceInfo=52053ae4-d056-4d3d-8fb1-e5d4e7b33c77
Posted 5 months ago,Frontend Developer (Bangkok),CSS3,https://glints.com/id/opportunities/jobs/frontend-developer-bangkok/7bf29b4f-8b12-475e-a5da-9124aef9f68a?utm_referrer=explore&traceInfo=52053ae4-d056-4d3d-8fb1-e5d4e7b33c77
Posted 5 months ago,Frontend Developer (Bangkok),Next.js,https://glints.com/id/opportunities/jobs/frontend-developer-bangkok/7bf29b4f-8b12-475e-a5da-9124aef9f68a?utm_referrer=explore&traceInfo=52053ae4-d056-4d3d-8fb1-e5d4e7b33c77
Posted 5 months ago,Frontend Developer (Bangkok),TypeScript,https://glints.com/id/opportunities/jobs/frontend-developer-bangkok/7bf29b4f-8b12-475e-a5da-9124aef9f68a?utm_referrer=explore&traceInfo=52053ae4-d056-4d3d-8fb1-e5d4e7b33c77
Posted 5 months ago,Frontend Developer (Bangkok),Sass,https://glints.com/id/opportunities/jobs/frontend-developer-bangkok/7bf29b4f-8b12-475e-a5da-9124aef9f68a?utm_referrer=explore&traceInfo=52053ae4-d056-4d3d-8fb1-e5d4e7b33c77
Posted 5 months ago,Frontend Developer (Bangkok),Git,https://glints.com/id/opportunities/jobs/frontend-developer-bangkok/7bf29b4f-8b12-475e-a5da-9124aef9f68a?utm_referrer=explore&traceInfo=52053ae4-d056-4d3d-8fb1-e5d4e7b33c77
Posted 5 months ago,Frontend Developer (Bangkok),Tailwind CSS,https://glints.com/id/opportunities/jobs/frontend-developer-bangkok/7bf29b4f-8b12-475e-a5da-9124aef9f68a?utm_referrer=explore&traceInfo=52053ae4-d056-4d3d-8fb1-e5d4e7b33c77
Posted 5 months ago,Frontend Developer (Bangkok),Node.js,https://glints.com/id/opportunities/jobs/frontend-developer-bangkok/7bf29b4f-8b12-475e-a5da-9124aef9f68a?utm_referrer=explore&traceInfo=52053ae4-d056-4d3d-8fb1-e5d4e7b33c77
Tayang 21 hari yang lalu,Frontend Engineer developer,RESTful API,https://glints.com/id/opportunities/jobs/frontend-engineer-developer/9d51a806-69ed-45a7-b74b-5ac143438ed1?utm_referrer=explore&traceInfo=52053ae4-d056-4d3d-8fb1-e5d4e7b33c77
Tayang 21 hari yang lalu,Frontend Engineer developer,Git,https://glints.com/id/opportunities/jobs/frontend-engineer-developer/9d51a806-69ed-45a7-b74b-5ac143438ed1?utm_referrer=explore&traceInfo=52053ae4-d056-4d3d-8fb1-e5d4e7b33c77
Tayang 21 hari yang lalu,Frontend Engineer developer,TypeScript,https://glints.com/id/opportunities/jobs/frontend-engineer-developer/9d51a806-69ed-45a7-b74b-5ac143438ed1?utm_referrer=explore&traceInfo=52053ae4-d056-4d3d-8fb1-e5d4e7b33c77
Tayang 21 hari yang lalu,Frontend Engineer developer,Vue.js,https://glints.com/id/opportunities/jobs/frontend-engineer-developer/9d51a806-69ed-45a7-b74b-5ac143438ed1?utm_referrer=explore&traceInfo=52053ae4-d056-4d3d-8fb1-e5d4e7b33c77
18 hari yang lalu,Junior Frontend Developer,Vue.js,https://glints.com/id/opportunities/jobs/junior-frontend-developer/ef15bbf4-d43a-4045-8dad-19770488667e?utm_referrer=explore&traceInfo=52053ae4-d056-4d3d-8fb1-e5d4e7b33c77
18 hari yang lalu,Junior Frontend Developer,Git,https://glints.com/id/opportunities/jobs/junior-frontend-developer/ef15bbf4-d43a-4045-8dad-19770488667e?utm_referrer=explore&traceInfo=52053ae4-d056-4d3d-8fb1-e5d4e7b33c77
18 hari yang lalu,Junior Frontend Developer,React.js,https://glints.com/id/opportunities/jobs/junior-frontend-developer/ef15bbf4-d43a-4045-8dad-19770488667e?utm_referrer=explore&traceInfo=52053ae4-d056-4d3d-8fb1-e5d4e7b33c77
Tayang 7 hari yang lalu,Frontend Developer - Internship,Vue.js,https://glints.com/id/opportunities/jobs/frontend-developer-internship/c158633b-64e8-4359-a666-ded8a8741331?utm_referrer=explore&traceInfo=52053ae4-d056-4d3d-8fb1-e5d4e7b33c77
Tayang 7 hari yang lalu,Frontend Developer - Internship,React.js,https://glints.com/id/opportunities/jobs/frontend-developer-internship/c158633b-64e8-4359-a666-ded8a8741331?utm_referrer=explore&traceInfo=52053ae4-d056-4d3d-8fb1-e5d4e7b33c77
Tayang 7 hari yang lalu,Frontend Developer - Internship,TypeScript,https://glints.com/id/opportunities/jobs/frontend-developer-internship/c158633b-64e8-4359-a666-ded8a8741331?utm_referrer=explore&traceInfo=52053ae4-d056-4d3d-8fb1-e5d4e7b33c77
Posted 1 month ago,Frontend Developer (Angular),Java,https://glints.com/id/opportunities/jobs/frontend-developer-angular/b55d7000-97bb-4b7e-8269-74ef6c2876ee?utm_referrer=explore&traceInfo=52053ae4-d056-4d3d-8fb1-e5d4e7b33c77
Posted 1 month ago,Frontend Developer (Angular),Angular,https://glints.com/id/opportunities/jobs/frontend-developer-angular/b55d7000-97bb-4b7e-8269-74ef6c2876ee?utm_referrer=explore&traceInfo=52053ae4-d056-4d3d-8fb1-e5d4e7b33c77
Posted 1 month ago,Frontend Developer (Angular),TypeScript,https://glints.com/id/opportunities/jobs/frontend-developer-angular/b55d7000-97bb-4b7e-8269-74ef6c2876ee?utm_referrer=explore&traceInfo=52053ae4-d056-4d3d-8fb1-e5d4e7b33c77
Posted 1 month ago,Frontend Developer (Angular),Postman,https://glints.com/id/opportunities/jobs/frontend-developer-angular/b55d7000-97bb-4b7e-8269-74ef6c2876ee?utm_referrer=explore&traceInfo=52053ae4-d056-4d3d-8fb1-e5d4e7b33c77
Tayang 12 hari yang lalu,Frontend Developer Intern,Flutter,https://glints.com/id/opportunities/jobs/frontend-developer-intern/ce82b8d7-3677-469b-beaa-681132d3e4ee?utm_referrer=explore&traceInfo=52053ae4-d056-4d3d-8fb1-e5d4e7b33c77
Tayang 12 hari yang lalu,Frontend Developer Intern,Networking,https://glints.com/id/opportunities/jobs/frontend-developer-intern/ce82b8d7-3677-469b-beaa-681132d3e4ee?utm_referrer=explore&traceInfo=52053ae4-d056-4d3d-8fb1-e5d4e7b33c77
Diperbarui 7 hari yang lalu,"Frontend Developer (Reactjs, Nuxtjs)",Vue.js,https://glints.com/id/opportunities/jobs/frontend-developer-reactjs-nuxtjs/f9c6d171-3b8f-44cd-af10-882628680f52?utm_referrer=explore&traceInfo=52053ae4-d056-4d3d-8fb1-e5d4e7b33c77
Diperbarui 7 hari yang lalu,"Frontend Developer (Reactjs, Nuxtjs)",React.js,https://glints.com/id/opportunities/jobs/frontend-developer-reactjs-nuxtjs/f9c6d171-3b8f-44cd-af10-882628680f52?utm_referrer=explore&traceInfo=52053ae4-d056-4d3d-8fb1-e5d4e7b33c77
Diperbarui 7 hari yang lalu,"Frontend Developer (Reactjs, Nuxtjs)",TypeScript,https://glints.com/id/opportunities/jobs/frontend-developer-reactjs-nuxtjs/f9c6d171-3b8f-44cd-af10-882628680f52?utm_referrer=explore&traceInfo=52053ae4-d056-4d3d-8fb1-e5d4e7b33c77
Diperbarui 7 hari yang lalu,"Frontend Developer (Reactjs, Nuxtjs)",Nuxt.js,https://glints.com/id/opportunities/jobs/frontend-developer-reactjs-nuxtjs/f9c6d171-3b8f-44cd-af10-882628680f52?utm_referrer=explore&traceInfo=52053ae4-d056-4d3d-8fb1-e5d4e7b33c77
Posted 4 months ago,Frontend Developer (all languages),Vue.js,https://glints.com/id/opportunities/jobs/frontend-developer-all-languages/0c0d8db8-06d3-44aa-81ba-5718feb5e063?utm_referrer=explore&traceInfo=52053ae4-d056-4d3d-8fb1-e5d4e7b33c77
Posted 4 months ago,Frontend Developer (all languages),HTML5,https://glints.com/id/opportunities/jobs/frontend-developer-all-languages/0c0d8db8-06d3-44aa-81ba-5718feb5e063?utm_referrer=explore&traceInfo=52053ae4-d056-4d3d-8fb1-e5d4e7b33c77
Posted 4 months ago,Frontend Developer (all languages),Angular,https://glints.com/id/opportunities/jobs/frontend-developer-all-languages/0c0d8db8-06d3-44aa-81ba-5718feb5e063?utm_referrer=explore&traceInfo=52053ae4-d056-4d3d-8fb1-e5d4e7b33c77
Posted 4 months ago,Frontend Developer (all languages),CSS3,https://glints.com/id/opportunities/jobs/frontend-developer-all-languages/0c0d8db8-06d3-44aa-81ba-5718feb5e063?utm_referrer=explore&traceInfo=52053ae4-d056-4d3d-8fb1-e5d4e7b33c77
Posted 4 months ago,Frontend Developer (all languages),React.js,https://glints.com/id/opportunities/jobs/frontend-developer-all-languages/0c0d8db8-06d3-44aa-81ba-5718feb5e063?utm_referrer=explore&traceInfo=52053ae4-d056-4d3d-8fb1-e5d4e7b33c77
Posted 4 months ago,Frontend Developer (all languages),TypeScript,https://glints.com/id/opportunities/jobs/frontend-developer-all-languages/0c0d8db8-06d3-44aa-81ba-5718feb5e063?utm_referrer=explore&traceInfo=52053ae4-d056-4d3d-8fb1-e5d4e7b33c77
Posted 4 months ago,Frontend Developer (all languages),React Native,https://glints.com/id/opportunities/jobs/frontend-developer-all-languages/0c0d8db8-06d3-44aa-81ba-5718feb5e063?utm_referrer=explore&traceInfo=52053ae4-d056-4d3d-8fb1-e5d4e7b33c77
Posted 4 months ago,Frontend Developer (all languages),Git,https://glints.com/id/opportunities/jobs/frontend-developer-all-languages/0c0d8db8-06d3-44aa-81ba-5718feb5e063?utm_referrer=explore&traceInfo=52053ae4-d056-4d3d-8fb1-e5d4e7b33c77
Posted 5 months ago,Frontend Developer (Game domain),Vue.js,https://glints.com/id/opportunities/jobs/frontend-developer-game-domain/b5eba5c2-4a83-41f9-a263-7d68fa58076c?utm_referrer=explore&traceInfo=52053ae4-d056-4d3d-8fb1-e5d4e7b33c77
Posted 5 months ago,Frontend Developer (Game domain),Java,https://glints.com/id/opportunities/jobs/frontend-developer-game-domain/b5eba5c2-4a83-41f9-a263-7d68fa58076c?utm_referrer=explore&traceInfo=52053ae4-d056-4d3d-8fb1-e5d4e7b33c77
Posted 5 months ago,Frontend Developer (Game domain),React.js,https://glints.com/id/opportunities/jobs/frontend-developer-game-domain/b5eba5c2-4a83-41f9-a263-7d68fa58076c?utm_referrer=explore&traceInfo=52053ae4-d056-4d3d-8fb1-e5d4e7b33c77
Posted 5 months ago,Frontend Developer (Game domain),TypeScript,https://glints.com/id/opportunities/jobs/frontend-developer-game-domain/b5eba5c2-4a83-41f9-a263-7d68fa58076c?utm_referrer=explore&traceInfo=52053ae4-d056-4d3d-8fb1-e5d4e7b33c77
Posted 5 months ago,Frontend Developer (Game domain),Git,https://glints.com/id/opportunities/jobs/frontend-developer-game-domain/b5eba5c2-4a83-41f9-a263-7d68fa58076c?utm_referrer=explore&traceInfo=52053ae4-d056-4d3d-8fb1-e5d4e7b33c77
Tayang 21 hari yang lalu,Mentor Frontend Developer (pengajar),Vue.js,https://glints.com/id/opportunities/jobs/mentor-frontend-developer-pengajar/eab3320e-6bc6-4938-9dc7-e601f9a49205?utm_referrer=explore&traceInfo=52053ae4-d056-4d3d-8fb1-e5d4e7b33c77
Tayang 21 hari yang lalu,Mentor Frontend Developer (pengajar),HTML5,https://glints.com/id/opportunities/jobs/mentor-frontend-developer-pengajar/eab3320e-6bc6-4938-9dc7-e601f9a49205?utm_referrer=explore&traceInfo=52053ae4-d056-4d3d-8fb1-e5d4e7b33c77
Tayang 21 hari yang lalu,Mentor Frontend Developer (pengajar),CSS3,https://glints.com/id/opportunities/jobs/mentor-frontend-developer-pengajar/eab3320e-6bc6-4938-9dc7-e601f9a49205?utm_referrer=explore&traceInfo=52053ae4-d056-4d3d-8fb1-e5d4e7b33c77
Tayang 21 hari yang lalu,Mentor Frontend Developer (pengajar),React.js,https://glints.com/id/opportunities/jobs/mentor-frontend-developer-pengajar/eab3320e-6bc6-4938-9dc7-e601f9a49205?utm_referrer=explore&traceInfo=52053ae4-d056-4d3d-8fb1-e5d4e7b33c77
Tayang 21 hari yang lalu,Mentor Frontend Developer (pengajar),Redux,https://glints.com/id/opportunities/jobs/mentor-frontend-developer-pengajar/eab3320e-6bc6-4938-9dc7-e601f9a49205?utm_referrer=explore&traceInfo=52053ae4-d056-4d3d-8fb1-e5d4e7b33c77
Tayang 21 hari yang lalu,Mentor Frontend Developer (pengajar),TypeScript,https://glints.com/id/opportunities/jobs/mentor-frontend-developer-pengajar/eab3320e-6bc6-4938-9dc7-e601f9a49205?utm_referrer=explore&traceInfo=52053ae4-d056-4d3d-8fb1-e5d4e7b33c77
Tayang 21 hari yang lalu,Mentor Frontend Developer (pengajar),Next.js,https://glints.com/id/opportunities/jobs/mentor-frontend-developer-pengajar/eab3320e-6bc6-4938-9dc7-e601f9a49205?utm_referrer=explore&traceInfo=52053ae4-d056-4d3d-8fb1-e5d4e7b33c77
Tayang 27 hari yang lalu,Mentor Frontend Developer (pengajar),Vue.js,https://glints.com/id/opportunities/jobs/mentor-frontend-developer-pengajar/81592e56-53cb-4830-91c3-495bc5c056d4?utm_referrer=explore&traceInfo=52053ae4-d056-4d3d-8fb1-e5d4e7b33c77
Tayang 27 hari yang lalu,Mentor Frontend Developer (pengajar),HTML5,https://glints.com/id/opportunities/jobs/mentor-frontend-developer-pengajar/81592e56-53cb-4830-91c3-495bc5c056d4?utm_referrer=explore&traceInfo=52053ae4-d056-4d3d-8fb1-e5d4e7b33c77
Tayang 27 hari yang lalu,Mentor Frontend Developer (pengajar),CSS3,https://glints.com/id/opportunities/jobs/mentor-frontend-developer-pengajar/81592e56-53cb-4830-91c3-495bc5c056d4?utm_referrer=explore&traceInfo=52053ae4-d056-4d3d-8fb1-e5d4e7b33c77
Tayang 27 hari yang lalu,Mentor Frontend Developer (pengajar),React.js,https://glints.com/id/opportunities/jobs/mentor-frontend-developer-pengajar/81592e56-53cb-4830-91c3-495bc5c056d4?utm_referrer=explore&traceInfo=52053ae4-d056-4d3d-8fb1-e5d4e7b33c77
Tayang 27 hari yang lalu,Mentor Frontend Developer (pengajar),Redux,https://glints.com/id/opportunities/jobs/mentor-frontend-developer-pengajar/81592e56-53cb-4830-91c3-495bc5c056d4?utm_referrer=explore&traceInfo=52053ae4-d056-4d3d-8fb1-e5d4e7b33c77
Tayang 27 hari yang lalu,Mentor Frontend Developer (pengajar),TypeScript,https://glints.com/id/opportunities/jobs/mentor-frontend-developer-pengajar/81592e56-53cb-4830-91c3-495bc5c056d4?utm_referrer=explore&traceInfo=52053ae4-d056-4d3d-8fb1-e5d4e7b33c77
Tayang 27 hari yang lalu,Mentor Frontend Developer (pengajar),Next.js,https://glints.com/id/opportunities/jobs/mentor-frontend-developer-pengajar/81592e56-53cb-4830-91c3-495bc5c056d4?utm_referrer=explore&traceInfo=52053ae4-d056-4d3d-8fb1-e5d4e7b33c77
Tayang 30 hari yang lalu,Mentor Frontend Developer (pengajar),Vue.js,https://glints.com/id/opportunities/jobs/mentor-frontend-developer-pengajar/bd4027f9-7064-40f3-af10-4992e18371a1?utm_referrer=explore&traceInfo=52053ae4-d056-4d3d-8fb1-e5d4e7b33c77
Tayang 30 hari yang lalu,Mentor Frontend Developer (pengajar),HTML5,https://glints.com/id/opportunities/jobs/mentor-frontend-developer-pengajar/bd4027f9-7064-40f3-af10-4992e18371a1?utm_referrer=explore&traceInfo=52053ae4-d056-4d3d-8fb1-e5d4e7b33c77
Tayang 30 hari yang lalu,Mentor Frontend Developer (pengajar),CSS3,https://glints.com/id/opportunities/jobs/mentor-frontend-developer-pengajar/bd4027f9-7064-40f3-af10-4992e18371a1?utm_referrer=explore&traceInfo=52053ae4-d056-4d3d-8fb1-e5d4e7b33c77
Tayang 30 hari yang lalu,Mentor Frontend Developer (pengajar),React.js,https://glints.com/id/opportunities/jobs/mentor-frontend-developer-pengajar/bd4027f9-7064-40f3-af10-4992e18371a1?utm_referrer=explore&traceInfo=52053ae4-d056-4d3d-8fb1-e5d4e7b33c77
Tayang 30 hari yang lalu,Mentor Frontend Developer (pengajar),Redux,https://glints.com/id/opportunities/jobs/mentor-frontend-developer-pengajar/bd4027f9-7064-40f3-af10-4992e18371a1?utm_referrer=explore&traceInfo=52053ae4-d056-4d3d-8fb1-e5d4e7b33c77
Tayang 30 hari yang lalu,Mentor Frontend Developer (pengajar),TypeScript,https://glints.com/id/opportunities/jobs/mentor-frontend-developer-pengajar/bd4027f9-7064-40f3-af10-4992e18371a1?utm_referrer=explore&traceInfo=52053ae4-d056-4d3d-8fb1-e5d4e7b33c77
Tayang 30 hari yang lalu,Mentor Frontend Developer (pengajar),Next.js,https://glints.com/id/opportunities/jobs/mentor-frontend-developer-pengajar/bd4027f9-7064-40f3-af10-4992e18371a1?utm_referrer=explore&traceInfo=52053ae4-d056-4d3d-8fb1-e5d4e7b33c77
27 hari yang lalu,Mentor Frontend Developer (pengajar),Vue.js,https://glints.com/id/opportunities/jobs/mentor-frontend-developer-pengajar/744d4ae5-7505-4dc4-a57f-5864206c63c1?utm_referrer=explore&traceInfo=52053ae4-d056-4d3d-8fb1-e5d4e7b33c77
27 hari yang lalu,Mentor Frontend Developer (pengajar),HTML5,https://glints.com/id/opportunities/jobs/mentor-frontend-developer-pengajar/744d4ae5-7505-4dc4-a57f-5864206c63c1?utm_referrer=explore&traceInfo=52053ae4-d056-4d3d-8fb1-e5d4e7b33c77
27 hari yang lalu,Mentor Frontend Developer (pengajar),CSS3,https://glints.com/id/opportunities/jobs/mentor-frontend-developer-pengajar/744d4ae5-7505-4dc4-a57f-5864206c63c1?utm_referrer=explore&traceInfo=52053ae4-d056-4d3d-8fb1-e5d4e7b33c77
27 hari yang lalu,Mentor Frontend Developer (pengajar),React.js,https://glints.com/id/opportunities/jobs/mentor-frontend-developer-pengajar/744d4ae5-7505-4dc4-a57f-5864206c63c1?utm_referrer=explore&traceInfo=52053ae4-d056-4d3d-8fb1-e5d4e7b33c77
27 hari yang lalu,Mentor Frontend Developer (pengajar),Redux,https://glints.com/id/opportunities/jobs/mentor-frontend-developer-pengajar/744d4ae5-7505-4dc4-a57f-5864206c63c1?utm_referrer=explore&traceInfo=52053ae4-d056-4d3d-8fb1-e5d4e7b33c77
27 hari yang lalu,Mentor Frontend Developer (pengajar),TypeScript,https://glints.com/id/opportunities/jobs/mentor-frontend-developer-pengajar/744d4ae5-7505-4dc4-a57f-5864206c63c1?utm_referrer=explore&traceInfo=52053ae4-d056-4d3d-8fb1-e5d4e7b33c77
27 hari yang lalu,Mentor Frontend Developer (pengajar),Next.js,https://glints.com/id/opportunities/jobs/mentor-frontend-developer-pengajar/744d4ae5-7505-4dc4-a57f-5864206c63c1?utm_referrer=explore&traceInfo=52053ae4-d056-4d3d-8fb1-e5d4e7b33c77
Tayang 18 hari yang lalu,Frontend Developer for Banking Industry,Vue.js,https://glints.com/id/opportunities/jobs/frontend-developer-for-banking-industry/b2761896-1845-4ab6-a809-565d8c7dc3ce?utm_referrer=explore&traceInfo=52053ae4-d056-4d3d-8fb1-e5d4e7b33c77
Tayang 18 hari yang lalu,Frontend Developer for Banking Industry,React.js,https://glints.com/id/opportunities/jobs/frontend-developer-for-banking-industry/b2761896-1845-4ab6-a809-565d8c7dc3ce?utm_referrer=explore&traceInfo=52053ae4-d056-4d3d-8fb1-e5d4e7b33c77
Tayang 18 hari yang lalu,Frontend Developer for Banking Industry,TypeScript,https://glints.com/id/opportunities/jobs/frontend-developer-for-banking-industry/b2761896-1845-4ab6-a809-565d8c7dc3ce?utm_referrer=explore&traceInfo=52053ae4-d056-4d3d-8fb1-e5d4e7b33c77
Posted 4 months ago,Frontend Engineer,Vue.js,https://glints.com/id/opportunities/jobs/frontend-engineer/9bacaa8d-b5a0-42e3-9f6d-7a43cb328b1c?utm_referrer=explore&traceInfo=52053ae4-d056-4d3d-8fb1-e5d4e7b33c77
Posted 4 months ago,Frontend Engineer,Cypress,https://glints.com/id/opportunities/jobs/frontend-engineer/9bacaa8d-b5a0-42e3-9f6d-7a43cb328b1c?utm_referrer=explore&traceInfo=52053ae4-d056-4d3d-8fb1-e5d4e7b33c77
Posted 4 months ago,Frontend Engineer,HTML5,https://glints.com/id/opportunities/jobs/frontend-engineer/9bacaa8d-b5a0-42e3-9f6d-7a43cb328b1c?utm_referrer=explore&traceInfo=52053ae4-d056-4d3d-8fb1-e5d4e7b33c77
Posted 4 months ago,Frontend Engineer,Jest,https://glints.com/id/opportunities/jobs/frontend-engineer/9bacaa8d-b5a0-42e3-9f6d-7a43cb328b1c?utm_referrer=explore&traceInfo=52053ae4-d056-4d3d-8fb1-e5d4e7b33c77
Posted 4 months ago,Frontend Engineer,Angular,https://glints.com/id/opportunities/jobs/frontend-engineer/9bacaa8d-b5a0-42e3-9f6d-7a43cb328b1c?utm_referrer=explore&traceInfo=52053ae4-d056-4d3d-8fb1-e5d4e7b33c77
Posted 4 months ago,Frontend Engineer,GraphQL,https://glints.com/id/opportunities/jobs/frontend-engineer/9bacaa8d-b5a0-42e3-9f6d-7a43cb328b1c?utm_referrer=explore&traceInfo=52053ae4-d056-4d3d-8fb1-e5d4e7b33c77
Posted 4 months ago,Frontend Engineer,CSS3,https://glints.com/id/opportunities/jobs/frontend-engineer/9bacaa8d-b5a0-42e3-9f6d-7a43cb328b1c?utm_referrer=explore&traceInfo=52053ae4-d056-4d3d-8fb1-e5d4e7b33c77
Posted 4 months ago,Frontend Engineer,React.js,https://glints.com/id/opportunities/jobs/frontend-engineer/9bacaa8d-b5a0-42e3-9f6d-7a43cb328b1c?utm_referrer=explore&traceInfo=52053ae4-d056-4d3d-8fb1-e5d4e7b33c77
Posted 4 months ago,Frontend Engineer,Webpack,https://glints.com/id/opportunities/jobs/frontend-engineer/9bacaa8d-b5a0-42e3-9f6d-7a43cb328b1c?utm_referrer=explore&traceInfo=52053ae4-d056-4d3d-8fb1-e5d4e7b33c77
Posted 4 months ago,Frontend Engineer,TypeScript,https://glints.com/id/opportunities/jobs/frontend-engineer/9bacaa8d-b5a0-42e3-9f6d-7a43cb328b1c?utm_referrer=explore&traceInfo=52053ae4-d056-4d3d-8fb1-e5d4e7b33c77
Posted 4 months ago,Frontend Engineer,Next.js,https://glints.com/id/opportunities/jobs/frontend-engineer/9bacaa8d-b5a0-42e3-9f6d-7a43cb328b1c?utm_referrer=explore&traceInfo=52053ae4-d056-4d3d-8fb1-e5d4e7b33c77
Posted 4 months ago,Frontend Engineer,Redux,https://glints.com/id/opportunities/jobs/frontend-engineer/9bacaa8d-b5a0-42e3-9f6d-7a43cb328b1c?utm_referrer=explore&traceInfo=52053ae4-d056-4d3d-8fb1-e5d4e7b33c77
Posted 4 months ago,Frontend Engineer,Sass,https://glints.com/id/opportunities/jobs/frontend-engineer/9bacaa8d-b5a0-42e3-9f6d-7a43cb328b1c?utm_referrer=explore&traceInfo=52053ae4-d056-4d3d-8fb1-e5d4e7b33c77
Posted 4 months ago,Frontend Engineer,Nuxt.js,https://glints.com/id/opportunities/jobs/frontend-engineer/9bacaa8d-b5a0-42e3-9f6d-7a43cb328b1c?utm_referrer=explore&traceInfo=52053ae4-d056-4d3d-8fb1-e5d4e7b33c77
Posted 4 months ago,Frontend Engineer,Git,https://glints.com/id/opportunities/jobs/frontend-engineer/9bacaa8d-b5a0-42e3-9f6d-7a43cb328b1c?utm_referrer=explore&traceInfo=52053ae4-d056-4d3d-8fb1-e5d4e7b33c77
Tayang 6 hari yang lalu,"Java Developer (Backend, frontend,fullstack)",HTML5,https://glints.com/id/opportunities/jobs/java-developer-backend-frontend-fullstack/57fd3a21-b623-4567-a5c9-2a6db40e3865?utm_referrer=explore&traceInfo=52053ae4-d056-4d3d-8fb1-e5d4e7b33c77
Tayang 6 hari yang lalu,"Java Developer (Backend, frontend,fullstack)",Angular,https://glints.com/id/opportunities/jobs/java-developer-backend-frontend-fullstack/57fd3a21-b623-4567-a5c9-2a6db40e3865?utm_referrer=explore&traceInfo=52053ae4-d056-4d3d-8fb1-e5d4e7b33c77
Tayang 6 hari yang lalu,"Java Developer (Backend, frontend,fullstack)",Java,https://glints.com/id/opportunities/jobs/java-developer-backend-frontend-fullstack/57fd3a21-b623-4567-a5c9-2a6db40e3865?utm_referrer=explore&traceInfo=52053ae4-d056-4d3d-8fb1-e5d4e7b33c77
Tayang 6 hari yang lalu,"Java Developer (Backend, frontend,fullstack)",CSS3,https://glints.com/id/opportunities/jobs/java-developer-backend-frontend-fullstack/57fd3a21-b623-4567-a5c9-2a6db40e3865?utm_referrer=explore&traceInfo=52053ae4-d056-4d3d-8fb1-e5d4e7b33c77
Tayang 6 hari yang lalu,"Java Developer (Backend, frontend,fullstack)",TypeScript,https://glints.com/id/opportunities/jobs/java-developer-backend-frontend-fullstack/57fd3a21-b623-4567-a5c9-2a6db40e3865?utm_referrer=explore&traceInfo=52053ae4-d056-4d3d-8fb1-e5d4e7b33c77
Tayang 6 hari yang lalu,"Java Developer (Backend, frontend,fullstack)",React Native,https://glints.com/id/opportunities/jobs/java-developer-backend-frontend-fullstack/57fd3a21-b623-4567-a5c9-2a6db40e3865?utm_referrer=explore&traceInfo=52053ae4-d056-4d3d-8fb1-e5d4e7b33c77
Tayang 6 hari yang lalu,"Java Developer (Backend, frontend,fullstack)",Git,https://glints.com/id/opportunities/jobs/java-developer-backend-frontend-fullstack/57fd3a21-b623-4567-a5c9-2a6db40e3865?utm_referrer=explore&traceInfo=52053ae4-d056-4d3d-8fb1-e5d4e7b33c77
Tayang 3 hari yang lalu,Backend Developer,Git,https://glints.com/id/opportunities/jobs/backend-developer/87975f8c-491d-4bae-9ce9-4ebb621ca13e?utm_referrer=explore&traceInfo=bb0661ab-0bf7-4955-8c0e-a3c4ea3014ee
Tayang 3 hari yang lalu,Backend Developer,MongoDB,https://glints.com/id/opportunities/jobs/backend-developer/87975f8c-491d-4bae-9ce9-4ebb621ca13e?utm_referrer=explore&traceInfo=bb0661ab-0bf7-4955-8c0e-a3c4ea3014ee
Tayang 10 hari yang lalu,Backend Developer,Node.js,https://glints.com/id/opportunities/jobs/backend-developer/b867d27e-674d-4cd0-bcd1-e3f9bad66a8f?utm_referrer=explore&traceInfo=bb0661ab-0bf7-4955-8c0e-a3c4ea3014ee
Tayang 10 hari yang lalu,Backend Developer,PostgreSQL,https://glints.com/id/opportunities/jobs/backend-developer/b867d27e-674d-4cd0-bcd1-e3f9bad66a8f?utm_referrer=explore&traceInfo=bb0661ab-0bf7-4955-8c0e-a3c4ea3014ee
Tayang 10 hari yang lalu,Backend Developer,Git,https://glints.com/id/opportunities/jobs/backend-developer/b867d27e-674d-4cd0-bcd1-e3f9bad66a8f?utm_referrer=explore&traceInfo=bb0661ab-0bf7-4955-8c0e-a3c4ea3014ee
Tayang 7 hari yang lalu,Backend Developer,Java,https://glints.com/id/opportunities/jobs/backend-developer/686c4ead-1144-47d4-af3b-cb57970cb874?utm_referrer=explore&traceInfo=bb0661ab-0bf7-4955-8c0e-a3c4ea3014ee
Tayang 7 hari yang lalu,Backend Developer,PostgreSQL,https://glints.com/id/opportunities/jobs/backend-developer/686c4ead-1144-47d4-af3b-cb57970cb874?utm_referrer=explore&traceInfo=bb0661ab-0bf7-4955-8c0e-a3c4ea3014ee
Tayang 7 hari yang lalu,Backend Developer,MongoDB,https://glints.com/id/opportunities/jobs/backend-developer/686c4ead-1144-47d4-af3b-cb57970cb874?utm_referrer=explore&traceInfo=bb0661ab-0bf7-4955-8c0e-a3c4ea3014ee
Tayang 7 hari yang lalu,Backend Developer,Docker,https://glints.com/id/opportunities/jobs/backend-developer/686c4ead-1144-47d4-af3b-cb57970cb874?utm_referrer=explore&traceInfo=bb0661ab-0bf7-4955-8c0e-a3c4ea3014ee
Tayang 7 hari yang lalu,Backend Developer,Git,https://glints.com/id/opportunities/jobs/backend-developer/686c4ead-1144-47d4-af3b-cb57970cb874?utm_referrer=explore&traceInfo=bb0661ab-0bf7-4955-8c0e-a3c4ea3014ee
Diperbarui 13 hari yang lalu,Backend Developer (Golang),CI/CD Pipeline,https://glints.com/id/opportunities/jobs/backend-developer-golang/1a67183d-e5df-4e55-9cf3-f1c5f25cb565?utm_referrer=explore&traceInfo=bb0661ab-0bf7-4955-8c0e-a3c4ea3014ee
Diperbarui 13 hari yang lalu,Backend Developer (Golang),Java,https://glints.com/id/opportunities/jobs/backend-developer-golang/1a67183d-e5df-4e55-9cf3-f1c5f25cb565?utm_referrer=explore&traceInfo=bb0661ab-0bf7-4955-8c0e-a3c4ea3014ee
Diperbarui 13 hari yang lalu,Backend Developer (Golang),PostgreSQL,https://glints.com/id/opportunities/jobs/backend-developer-golang/1a67183d-e5df-4e55-9cf3-f1c5f25cb565?utm_referrer=explore&traceInfo=bb0661ab-0bf7-4955-8c0e-a3c4ea3014ee
Diperbarui 13 hari yang lalu,Backend Developer (Golang),MongoDB,https://glints.com/id/opportunities/jobs/backend-developer-golang/1a67183d-e5df-4e55-9cf3-f1c5f25cb565?utm_referrer=explore&traceInfo=bb0661ab-0bf7-4955-8c0e-a3c4ea3014ee
Diperbarui 13 hari yang lalu,Backend Developer (Golang),Node.js,https://glints.com/id/opportunities/jobs/backend-developer-golang/1a67183d-e5df-4e55-9cf3-f1c5f25cb565?utm_referrer=explore&traceInfo=bb0661ab-0bf7-4955-8c0e-a3c4ea3014ee
Posted 2 months ago,Backend Developer,Java,https://glints.com/id/opportunities/jobs/backend-developer/be73f16b-aba2-4350-af1f-7ea43181c399?utm_referrer=explore&traceInfo=bb0661ab-0bf7-4955-8c0e-a3c4ea3014ee
Posted 2 months ago,Backend Developer,Docker,https://glints.com/id/opportunities/jobs/backend-developer/be73f16b-aba2-4350-af1f-7ea43181c399?utm_referrer=explore&traceInfo=bb0661ab-0bf7-4955-8c0e-a3c4ea3014ee
Posted 2 months ago,Backend Developer,PostgreSQL,https://glints.com/id/opportunities/jobs/backend-developer/be73f16b-aba2-4350-af1f-7ea43181c399?utm_referrer=explore&traceInfo=bb0661ab-0bf7-4955-8c0e-a3c4ea3014ee
Posted 2 months ago,Backend Developer,MongoDB,https://glints.com/id/opportunities/jobs/backend-developer/be73f16b-aba2-4350-af1f-7ea43181c399?utm_referrer=explore&traceInfo=bb0661ab-0bf7-4955-8c0e-a3c4ea3014ee
Diperbarui 6 hari yang lalu,Backend Developer (Intermediate/Senior Backend Developer),Docker,https://glints.com/id/opportunities/jobs/backend-developer-intermediate-senior-backend-developer/24837791-e9d3-4179-a69c-33eecb94d1bb?utm_referrer=explore&traceInfo=bb0661ab-0bf7-4955-8c0e-a3c4ea3014ee
Diperbarui 6 hari yang lalu,Backend Developer (Intermediate/Senior Backend Developer),Kubernetes,https://glints.com/id/opportunities/jobs/backend-developer-intermediate-senior-backend-developer/24837791-e9d3-4179-a69c-33eecb94d1bb?utm_referrer=explore&traceInfo=bb0661ab-0bf7-4955-8c0e-a3c4ea3014ee
Diperbarui 6 hari yang lalu,Backend Developer (Intermediate/Senior Backend Developer),PostgreSQL,https://glints.com/id/opportunities/jobs/backend-developer-intermediate-senior-backend-developer/24837791-e9d3-4179-a69c-33eecb94d1bb?utm_referrer=explore&traceInfo=bb0661ab-0bf7-4955-8c0e-a3c4ea3014ee
Diperbarui 6 hari yang lalu,Backend Developer (Intermediate/Senior Backend Developer),CI/CD Pipeline,https://glints.com/id/opportunities/jobs/backend-developer-intermediate-senior-backend-developer/24837791-e9d3-4179-a69c-33eecb94d1bb?utm_referrer=explore&traceInfo=bb0661ab-0bf7-4955-8c0e-a3c4ea3014ee
Tayang 24 hari yang lalu,Backend Developer,Java,https://glints.com/id/opportunities/jobs/backend-developer/cf18fb16-3b11-4f79-8394-62734b6f0043?utm_referrer=explore&traceInfo=bb0661ab-0bf7-4955-8c0e-a3c4ea3014ee
Tayang 24 hari yang lalu,Backend Developer,Git,https://glints.com/id/opportunities/jobs/backend-developer/cf18fb16-3b11-4f79-8394-62734b6f0043?utm_referrer=explore&traceInfo=bb0661ab-0bf7-4955-8c0e-a3c4ea3014ee
Tayang 24 hari yang lalu,Backend Developer,MongoDB,https://glints.com/id/opportunities/jobs/backend-developer/cf18fb16-3b11-4f79-8394-62734b6f0043?utm_referrer=explore&traceInfo=bb0661ab-0bf7-4955-8c0e-a3c4ea3014ee
Tayang 24 hari yang lalu,Backend Developer,Node.js,https://glints.com/id/opportunities/jobs/backend-developer/cf18fb16-3b11-4f79-8394-62734b6f0043?utm_referrer=explore&traceInfo=bb0661ab-0bf7-4955-8c0e-a3c4ea3014ee
Tayang 24 hari yang lalu,Backend Developer,Linux,https://glints.com/id/opportunities/jobs/backend-developer/cf18fb16-3b11-4f79-8394-62734b6f0043?utm_referrer=explore&traceInfo=bb0661ab-0bf7-4955-8c0e-a3c4ea3014ee
Tayang 7 hari yang lalu,Backend Developer,Java,https://glints.com/id/opportunities/jobs/backend-developer/daff1214-dc69-43cc-a82e-1093647a1f31?utm_referrer=explore&traceInfo=bb0661ab-0bf7-4955-8c0e-a3c4ea3014ee
Tayang 7 hari yang lalu,Backend Developer,Node.js,https://glints.com/id/opportunities/jobs/backend-developer/daff1214-dc69-43cc-a82e-1093647a1f31?utm_referrer=explore&traceInfo=bb0661ab-0bf7-4955-8c0e-a3c4ea3014ee
Tayang 7 hari yang lalu,Backend Developer,PostgreSQL,https://glints.com/id/opportunities/jobs/backend-developer/daff1214-dc69-43cc-a82e-1093647a1f31?utm_referrer=explore&traceInfo=bb0661ab-0bf7-4955-8c0e-a3c4ea3014ee
Diperbarui 20 hari yang lalu,Backend Developer (Golang),GitHub Actions,https://glints.com/id/opportunities/jobs/backend-developer-golang/43cc9466-fd0b-4fd5-9c4a-58384af18487?utm_referrer=explore&traceInfo=bb0661ab-0bf7-4955-8c0e-a3c4ea3014ee
Diperbarui 20 hari yang lalu,Backend Developer (Golang),Kubernetes,https://glints.com/id/opportunities/jobs/backend-developer-golang/43cc9466-fd0b-4fd5-9c4a-58384af18487?utm_referrer=explore&traceInfo=bb0661ab-0bf7-4955-8c0e-a3c4ea3014ee
Diperbarui 20 hari yang lalu,Backend Developer (Golang),PostgreSQL,https://glints.com/id/opportunities/jobs/backend-developer-golang/43cc9466-fd0b-4fd5-9c4a-58384af18487?utm_referrer=explore&traceInfo=bb0661ab-0bf7-4955-8c0e-a3c4ea3014ee
Diperbarui 20 hari yang lalu,Backend Developer (Golang),RESTful API,https://glints.com/id/opportunities/jobs/backend-developer-golang/43cc9466-fd0b-4fd5-9c4a-58384af18487?utm_referrer=explore&traceInfo=bb0661ab-0bf7-4955-8c0e-a3c4ea3014ee
Diperbarui 20 hari yang lalu,Backend Developer (Golang),Docker,https://glints.com/id/opportunities/jobs/backend-developer-golang/43cc9466-fd0b-4fd5-9c4a-58384af18487?utm_referrer=explore&traceInfo=bb0661ab-0bf7-4955-8c0e-a3c4ea3014ee
Diperbarui 20 hari yang lalu,Backend Developer (Golang),Git,https://glints.com/id/opportunities/jobs/backend-developer-golang/43cc9466-fd0b-4fd5-9c4a-58384af18487?utm_referrer=explore&traceInfo=bb0661ab-0bf7-4955-8c0e-a3c4ea3014ee
Diperbarui 25 hari yang lalu,Backend Developer (Golang),Java,https://glints.com/id/opportunities/jobs/backend-developer-golang/65ef10c2-60cc-4d91-ab70-1528178e0a27?utm_referrer=explore&traceInfo=bb0661ab-0bf7-4955-8c0e-a3c4ea3014ee
Diperbarui 25 hari yang lalu,Backend Developer (Golang),Docker,https://glints.com/id/opportunities/jobs/backend-developer-golang/65ef10c2-60cc-4d91-ab70-1528178e0a27?utm_referrer=explore&traceInfo=bb0661ab-0bf7-4955-8c0e-a3c4ea3014ee
Diperbarui 25 hari yang lalu,Backend Developer (Golang),Node.js,https://glints.com/id/opportunities/jobs/backend-developer-golang/65ef10c2-60cc-4d91-ab70-1528178e0a27?utm_referrer=explore&traceInfo=bb0661ab-0bf7-4955-8c0e-a3c4ea3014ee
Diperbarui 25 hari yang lalu,Backend Developer (Golang),Git,https://glints.com/id/opportunities/jobs/backend-developer-golang/65ef10c2-60cc-4d91-ab70-1528178e0a27?utm_referrer=explore&traceInfo=bb0661ab-0bf7-4955-8c0e-a3c4ea3014ee
Tayang 26 hari yang lalu,Backend Developer,Node.js,https://glints.com/id/opportunities/jobs/backend-developer/c796ac41-a682-4077-9517-5a7fe7b0fa7d?utm_referrer=explore&traceInfo=bb0661ab-0bf7-4955-8c0e-a3c4ea3014ee
Tayang 26 hari yang lalu,Backend Developer,Git,https://glints.com/id/opportunities/jobs/backend-developer/c796ac41-a682-4077-9517-5a7fe7b0fa7d?utm_referrer=explore&traceInfo=bb0661ab-0bf7-4955-8c0e-a3c4ea3014ee
Tayang 26 hari yang lalu,Backend Developer,NestJS,https://glints.com/id/opportunities/jobs/backend-developer/c796ac41-a682-4077-9517-5a7fe7b0fa7d?utm_referrer=explore&traceInfo=bb0661ab-0bf7-4955-8c0e-a3c4ea3014ee
Diperbarui 5 hari yang lalu,Backend Developer (.NET),PostgreSQL,https://glints.com/id/opportunities/jobs/backend-developer-net/21351f81-1696-4355-8757-b1dc9883a659?utm_referrer=explore&traceInfo=bb0661ab-0bf7-4955-8c0e-a3c4ea3014ee
Tayang 26 hari yang lalu,Backend (NodeJs) Developer,GraphQL,https://glints.com/id/opportunities/jobs/backend-nodejs-developer/db3abd52-0483-4249-807f-96c763642290?utm_referrer=explore&traceInfo=bb0661ab-0bf7-4955-8c0e-a3c4ea3014ee
Tayang 26 hari yang lalu,Backend (NodeJs) Developer,NestJS,https://glints.com/id/opportunities/jobs/backend-nodejs-developer/db3abd52-0483-4249-807f-96c763642290?utm_referrer=explore&traceInfo=bb0661ab-0bf7-4955-8c0e-a3c4ea3014ee
Tayang 26 hari yang lalu,Backend (NodeJs) Developer,PostgreSQL,https://glints.com/id/opportunities/jobs/backend-nodejs-developer/db3abd52-0483-4249-807f-96c763642290?utm_referrer=explore&traceInfo=bb0661ab-0bf7-4955-8c0e-a3c4ea3014ee
Tayang 26 hari yang lalu,Backend (NodeJs) Developer,TypeScript,https://glints.com/id/opportunities/jobs/backend-nodejs-developer/db3abd52-0483-4249-807f-96c763642290?utm_referrer=explore&traceInfo=bb0661ab-0bf7-4955-8c0e-a3c4ea3014ee
Tayang 26 hari yang lalu,Backend (NodeJs) Developer,MongoDB,https://glints.com/id/opportunities/jobs/backend-nodejs-developer/db3abd52-0483-4249-807f-96c763642290?utm_referrer=explore&traceInfo=bb0661ab-0bf7-4955-8c0e-a3c4ea3014ee
Tayang 26 hari yang lalu,Backend (NodeJs) Developer,Docker,https://glints.com/id/opportunities/jobs/backend-nodejs-developer/db3abd52-0483-4249-807f-96c763642290?utm_referrer=explore&traceInfo=bb0661ab-0bf7-4955-8c0e-a3c4ea3014ee
Tayang 26 hari yang lalu,Backend (NodeJs) Developer,Node.js,https://glints.com/id/opportunities/jobs/backend-nodejs-developer/db3abd52-0483-4249-807f-96c763642290?utm_referrer=explore&traceInfo=bb0661ab-0bf7-4955-8c0e-a3c4ea3014ee
Tayang 5 hari yang lalu,Jr Backend Developer,Java,https://glints.com/id/opportunities/jobs/jr-backend-developer/1015da89-9e56-43c7-bafd-740ca1722dd9?utm_referrer=explore&traceInfo=bb0661ab-0bf7-4955-8c0e-a3c4ea3014ee
Tayang 5 hari yang lalu,Jr Backend Developer,Node.js,https://glints.com/id/opportunities/jobs/jr-backend-developer/1015da89-9e56-43c7-bafd-740ca1722dd9?utm_referrer=explore&traceInfo=bb0661ab-0bf7-4955-8c0e-a3c4ea3014ee
Tayang 5 hari yang lalu,Jr Backend Developer,MongoDB,https://glints.com/id/opportunities/jobs/jr-backend-developer/1015da89-9e56-43c7-bafd-740ca1722dd9?utm_referrer=explore&traceInfo=bb0661ab-0bf7-4955-8c0e-a3c4ea3014ee
Tayang 20 hari yang lalu,Backend Developer (Node.js),RESTful API,https://glints.com/id/opportunities/jobs/backend-developer-nodejs/60470729-111b-4a87-9892-83edf11520c6?utm_referrer=explore&traceInfo=bb0661ab-0bf7-4955-8c0e-a3c4ea3014ee
Tayang 20 hari yang lalu,Backend Developer (Node.js),Node.js,https://glints.com/id/opportunities/jobs/backend-developer-nodejs/60470729-111b-4a87-9892-83edf11520c6?utm_referrer=explore&traceInfo=bb0661ab-0bf7-4955-8c0e-a3c4ea3014ee
Tayang 20 hari yang lalu,Backend Developer (Node.js),PostgreSQL,https://glints.com/id/opportunities/jobs/backend-developer-nodejs/60470729-111b-4a87-9892-83edf11520c6?utm_referrer=explore&traceInfo=bb0661ab-0bf7-4955-8c0e-a3c4ea3014ee
Tayang 20 hari yang lalu,Backend Developer (Node.js),MongoDB,https://glints.com/id/opportunities/jobs/backend-developer-nodejs/60470729-111b-4a87-9892-83edf11520c6?utm_referrer=explore&traceInfo=bb0661ab-0bf7-4955-8c0e-a3c4ea3014ee
Diperbarui 6 hari yang lalu,Backend Developer Intern,CSS3,https://glints.com/id/opportunities/jobs/backend-developer-intern/789346dd-12fc-4f84-8911-2c6a3d0da3ea?utm_referrer=explore&traceInfo=bb0661ab-0bf7-4955-8c0e-a3c4ea3014ee
Diperbarui 6 hari yang lalu,Backend Developer Intern,HTML5,https://glints.com/id/opportunities/jobs/backend-developer-intern/789346dd-12fc-4f84-8911-2c6a3d0da3ea?utm_referrer=explore&traceInfo=bb0661ab-0bf7-4955-8c0e-a3c4ea3014ee
Diperbarui 6 hari yang lalu,Backend Developer Intern,PostgreSQL,https://glints.com/id/opportunities/jobs/backend-developer-intern/789346dd-12fc-4f84-8911-2c6a3d0da3ea?utm_referrer=explore&traceInfo=bb0661ab-0bf7-4955-8c0e-a3c4ea3014ee
Diperbarui 6 hari yang lalu,Backend Developer Intern,MongoDB,https://glints.com/id/opportunities/jobs/backend-developer-intern/789346dd-12fc-4f84-8911-2c6a3d0da3ea?utm_referrer=explore&traceInfo=bb0661ab-0bf7-4955-8c0e-a3c4ea3014ee
Tayang 6 hari yang lalu,Backend Developer (Node.js),Java,https://glints.com/id/opportunities/jobs/backend-developer-nodejs/dcfd8d90-f7a1-4feb-8326-550118a5cff8?utm_referrer=explore&traceInfo=bb0661ab-0bf7-4955-8c0e-a3c4ea3014ee
Tayang 6 hari yang lalu,Backend Developer (Node.js),Kubernetes,https://glints.com/id/opportunities/jobs/backend-developer-nodejs/dcfd8d90-f7a1-4feb-8326-550118a5cff8?utm_referrer=explore&traceInfo=bb0661ab-0bf7-4955-8c0e-a3c4ea3014ee
Tayang 6 hari yang lalu,Backend Developer (Node.js),PostgreSQL,https://glints.com/id/opportunities/jobs/backend-developer-nodejs/dcfd8d90-f7a1-4feb-8326-550118a5cff8?utm_referrer=explore&traceInfo=bb0661ab-0bf7-4955-8c0e-a3c4ea3014ee
Tayang 6 hari yang lalu,Backend Developer (Node.js),NestJS,https://glints.com/id/opportunities/jobs/backend-developer-nodejs/dcfd8d90-f7a1-4feb-8326-550118a5cff8?utm_referrer=explore&traceInfo=bb0661ab-0bf7-4955-8c0e-a3c4ea3014ee
Tayang 6 hari yang lalu,Backend Developer (Node.js),Express.js,https://glints.com/id/opportunities/jobs/backend-developer-nodejs/dcfd8d90-f7a1-4feb-8326-550118a5cff8?utm_referrer=explore&traceInfo=bb0661ab-0bf7-4955-8c0e-a3c4ea3014ee
Tayang 6 hari yang lalu,Backend Developer (Node.js),MongoDB,https://glints.com/id/opportunities/jobs/backend-developer-nodejs/dcfd8d90-f7a1-4feb-8326-550118a5cff8?utm_referrer=explore&traceInfo=bb0661ab-0bf7-4955-8c0e-a3c4ea3014ee
Tayang 6 hari yang lalu,Backend Developer (Node.js),Docker,https://glints.com/id/opportunities/jobs/backend-developer-nodejs/dcfd8d90-f7a1-4feb-8326-550118a5cff8?utm_referrer=explore&traceInfo=bb0661ab-0bf7-4955-8c0e-a3c4ea3014ee
Tayang 6 hari yang lalu,Backend Developer (Node.js),Node.js,https://glints.com/id/opportunities/jobs/backend-developer-nodejs/dcfd8d90-f7a1-4feb-8326-550118a5cff8?utm_referrer=explore&traceInfo=bb0661ab-0bf7-4955-8c0e-a3c4ea3014ee
Tayang 28 hari yang lalu,[INTERN] Backend Developer,Git,https://glints.com/id/opportunities/jobs/intern-backend-developer/c54071f8-2091-4846-b6f9-fa0b89b4a8e8?utm_referrer=explore&traceInfo=bb0661ab-0bf7-4955-8c0e-a3c4ea3014ee
Tayang 28 hari yang lalu,[INTERN] Backend Developer,PostgreSQL,https://glints.com/id/opportunities/jobs/intern-backend-developer/c54071f8-2091-4846-b6f9-fa0b89b4a8e8?utm_referrer=explore&traceInfo=bb0661ab-0bf7-4955-8c0e-a3c4ea3014ee
Tayang 28 hari yang lalu,[INTERN] Backend Developer,MongoDB,https://glints.com/id/opportunities/jobs/intern-backend-developer/c54071f8-2091-4846-b6f9-fa0b89b4a8e8?utm_referrer=explore&traceInfo=bb0661ab-0bf7-4955-8c0e-a3c4ea3014ee
Tayang 19 hari yang lalu,BACKEND DEVELOPER MAINTENANCE,Grafana,https://glints.com/id/opportunities/jobs/backend-developer-maintenance/96e69e4f-f6fc-47f0-a0c4-e96797658ec6?utm_referrer=explore&traceInfo=bb0661ab-0bf7-4955-8c0e-a3c4ea3014ee
